image,caption
3107463441_7c68606450.jpg,? .
3041384194_04316bd416.jpg,? .
3304030264_da3dd18c7b.jpg,? .
2867699650_e6ddb540de.jpg,? .
226531363_33ac01d931.jpg,? .
3049770416_0fb1954315.jpg,? .
400851260_5911898657.jpg,? .
2887103049_a867e74358.jpg,? .
3250593457_9049a73b61.jpg,? .
539493431_744eb1abaa.jpg,? .
3030793171_55cd646eed.jpg,? .
3643074723_94d42b7a0c.jpg,? .
3259002340_707ce96858.jpg,? .
441817653_fbdf83060b.jpg,? .
3432586199_e50b0d6cb7.jpg,? .
2410399168_1462c422d4.jpg,? .
3563668905_689ed479c5.jpg,? .
756004341_1a816df714.jpg,? .
498404951_527adba7b8.jpg,? .
3330675488_8692476a4a.jpg,? .
2626158969_ac09aeb88d.jpg,? .
3597326009_3678a98a43.jpg,? .
2295750198_6d152d7ceb.jpg,? .
109260218_fca831f933.jpg,? .
3427023324_f1f6504bf4.jpg,? .
35506150_cbdb630f4f.jpg,? .
1287475186_2dee85f1a5.jpg,? .
2281075738_230892b241.jpg,? .
3282925526_535ff9f2b2.jpg,? .
3381038951_225bb163af.jpg,? .
2649406158_ded6be38de.jpg,? .
3195188609_01afbe46e6.jpg,? .
2741380826_cfe0ddf0a9.jpg,? .
3413019648_e787f0cb88.jpg,? .
2708634088_a4686be24c.jpg,? .
2882743431_c3e6cd1b5c.jpg,? .
3677927146_1696f0b075.jpg,? .
2832453252_a06f7826a8.jpg,? .
3242088278_43eea5d17e.jpg,? .
836828001_af98d16256.jpg,? .
1417031097_ab656bc4bd.jpg,? .
1459032057_97e73ed6ab.jpg,? .
2393196444_8f4f540f5f.jpg,? .
3565598162_56044bc2f7.jpg,? .
700884207_d3ec546494.jpg,? .
260520547_944f9f4c91.jpg,? .
2565685680_c30972455d.jpg,? .
2815788792_d226215d10.jpg,? .
2855910826_d075845288.jpg,? .
3370308329_7f2de5bb58.jpg,? .
105342180_4d4a40b47f.jpg,? .
2907073768_08fd7bdf60.jpg,? .
2993049054_611f900644.jpg,? .
3100442775_6e2659b973.jpg,? .
3547647914_4dd56a8c1b.jpg,? .
2708744743_e231f7fcf9.jpg,? .
2462702522_1b25654762.jpg,? .
353180303_6a24179c50.jpg,? .
3656906086_7034f69ab6.jpg,? .
1072153132_53d2bb1b60.jpg,? .
2493469969_11b6190615.jpg,? .
290982269_79fc9f36dc.jpg,? .
2578289278_01516d23a0.jpg,? .
3557316485_574a5f7a89.jpg,? .
2340919359_f56787d307.jpg,? .
1118557877_736f339752.jpg,? .
124972799_de706b6d0b.jpg,? .
533713001_2d36e93509.jpg,? .
3087095548_6df7c2a8ed.jpg,? .
2538423833_d1f492d1fb.jpg,? .
2311690895_0d6efe11c8.jpg,? .
3089742441_d42531c14f.jpg,? .
2714220101_c31db50b10.jpg,? .
424506167_01f365726b.jpg,? .
2339106348_2df90aa6a9.jpg,? .
3192266178_f9bf5d3dba.jpg,? .
3694991841_141804da1f.jpg,? .
447111935_5af98563e3.jpg,? .
539705321_99406e5820.jpg,? .
2787276494_82703f570a.jpg,? .
2595186208_9b16fa0ee3.jpg,? .
3467843559_a457ce37b6.jpg,? .
3323988406_e3c8fce690.jpg,? .
561940436_64d6fc125d.jpg,? .
2157003092_eaeb977789.jpg,? .
3534183988_3763593dfb.jpg,? .
2497608431_8dfefc7a1a.jpg,? .
2971298546_dd595cf297.jpg,? .
3688858505_e8afd1475d.jpg,? .
2613209320_edf6a2b7e9.jpg,? .
3533470072_87a5b595ba.jpg,? .
2709648336_15455e60b2.jpg,? .
2579899436_5086a33c7a.jpg,? .
111537222_07e56d5a30.jpg,? .
3745451546_fc8ec70cbd.jpg,? .
3584196366_a4b43d6644.jpg,? .
2949353587_64c54e9589.jpg,? .
944788251_a0bcd4b960.jpg,? .
2759089516_cbb993cb92.jpg,? .
3585117340_73e96b6173.jpg,? .
3550253365_27d4c303cf.jpg,? .
2055646179_169807fed4.jpg,? .
3514278386_de2343577e.jpg,? .
3321063116_4e5deeac83.jpg,? .
3030823649_3b7b6c728d.jpg,? .
3539817989_5353062a39.jpg,? .
241347760_d44c8d3a01.jpg,? .
3728256505_7f8db8270d.jpg,? .
2512876666_9da03f9589.jpg,? .
1299459562_ed0e064aee.jpg,? .
3130093622_362f32f2bb.jpg,? .
1562478333_43d13e5427.jpg,? .
3721881082_afe9fc734e.jpg,? .
2556392380_ee57514233.jpg,? .
2225231022_1632d0a5aa.jpg,? .
3533484468_0787830d49.jpg,? .
3453544202_3855ab34b6.jpg,? .
534875358_6ea30d3091.jpg,? .
3019857541_3de3e24f54.jpg,? .
3613585080_36629d8157.jpg,? .
3264650118_be7df266e7.jpg,? .
2988439935_7cea05bc48.jpg,? .
3559781965_d4ec00e506.jpg,? .
3203742047_6a55065411.jpg,? .
2351479551_e8820a1ff3.jpg,? .
3208188198_2b271d2a2e.jpg,? .
3342855466_44038a8aa3.jpg,? .
2613889835_6f50a3b83b.jpg,? .
2377460540_8cfb62463a.jpg,? .
2257294002_0073263c54.jpg,? .
3286822339_5535af6b93.jpg,? .
3610683688_bbe6d725ed.jpg,? .
3258472448_75cfab5e6f.jpg,? .
3454315016_f1e30d4676.jpg,? .
1316247213_1d2c726dd5.jpg,? .
2744321686_8811d8428c.jpg,? .
2736902411_a0010f89ae.jpg,? .
2730819220_b58af1119a.jpg,? .
3349955993_a04aea97d8.jpg,? .
3154293126_e52bd07524.jpg,? .
3429641260_2f035c1813.jpg,? .
1452361926_6d8c535e32.jpg,? .
3449846784_278bc1ba92.jpg,? .
2914206497_5e36ac6324.jpg,? .
3420469425_2980b4cd30.jpg,? .
3256275785_9c3af57576.jpg,? .
2244551043_21b8cca866.jpg,? .
3355494822_61353a224d.jpg,? .
2561334141_0aacefa5e7.jpg,? .
3029928396_99ac250788.jpg,? .
2315807231_6948b3f3a5.jpg,? .
302983277_69a4e732e4.jpg,? .
2628331789_c7f7d90e5d.jpg,? .
2540750172_070250ece5.jpg,? .
3047264346_e24601bfbf.jpg,? .
766099402_cdda6964f0.jpg,? .
3325129757_7a1979ac11.jpg,? .
3411393875_a9ff73c67a.jpg,? .
799199774_142b1c3bb2.jpg,? .
2682382530_f9f8fd1e89.jpg,? .
1417882092_c94c251eb3.jpg,? .
2051194177_fbeee211e3.jpg,? .
319847657_2c40e14113.jpg,? .
3582742297_1daa29968e.jpg,? .
2159447283_fab8c272b0.jpg,? .
3105929913_94a6882e25.jpg,? .
2187904131_96ea83b9b5.jpg,? .
3535879138_9281dc83d5.jpg,? .
2286032269_8ba929709c.jpg,? .
3242919570_39a05aa2ee.jpg,? .
3520869880_2e8b7d7842.jpg,? .
3726076549_0efb38854b.jpg,? .
417966898_a04f9b5349.jpg,? .
172092461_a9a9762e13.jpg,? .
3494105596_f05cb0d56f.jpg,? .
2114355355_9d7e2d8178.jpg,? .
3367758711_a8c09607ac.jpg,? .
2102030040_2e8f4738f7.jpg,? .
1476241331_2f43b67aed.jpg,? .
1296770308_3db2022f5a.jpg,? .
656260720_a7db4ce48b.jpg,? .
3490597800_8f94f7d353.jpg,? .
2044063458_fcc76a7636.jpg,? .
3284955091_59317073f0.jpg,? .
3579686259_b1fe6aefc9.jpg,? .
774009278_8e75b7d498.jpg,? .
3146937399_8c046b7b1a.jpg,? .
3699522388_2333f01f40.jpg,? .
3220200084_3ea129336e.jpg,? .
3727740053_3baa94ffcb.jpg,? .
530454257_66d58b49ee.jpg,? .
3561639055_5ac66ae92f.jpg,? .
3690431163_1d81e19549.jpg,? .
2070798293_6b9405e04d.jpg,? .
3055716848_b253324afc.jpg,? .
1928319708_ccf1f4ee72.jpg,? .
3441701164_6dbbdf1bce.jpg,? .
2517284816_9b8fd3c6b6.jpg,? .
2923891109_ea0cc932ed.jpg,? .
3486135177_772628d034.jpg,? .
434792818_56375e203f.jpg,? .
3324375078_9441f72898.jpg,? .
1401961581_76921a75c5.jpg,? .
3070274658_fc39fd4f84.jpg,? .
2755314937_1e974bf2b5.jpg,? .
3251648670_9339943ba2.jpg,? .
3132832452_c354c6396c.jpg,? .
380515798_c2abbf46b0.jpg,? .
2766148353_70b2e8070f.jpg,? .
3016521240_2ef20834b6.jpg,? .
381275595_b429fd1639.jpg,? .
444872454_9f51e07f88.jpg,? .
2837908308_8bc25c6b02.jpg,? .
3528902357_be2357a906.jpg,? .
3428386573_670f5362f0.jpg,? .
399212516_d68046b277.jpg,? .
1312954382_cf6d70d63a.jpg,? .
3224904543_679fe05c41.jpg,? .
2119660490_ce0d4d1f73.jpg,? .
3476237185_9389c536a3.jpg,? .
247691240_3881777ab8.jpg,? .
2666078276_f7b3056997.jpg,? .
2385744837_8780f6731a.jpg,? .
3544233095_4bca71df1d.jpg,? .
345284642_77dded0907.jpg,? .
3626964430_cb5c7e5acc.jpg,? .
1088767354_2acee738cf.jpg,? .
309238565_2d5d8dc8bf.jpg,? .
3612485611_12dd7742f7.jpg,? .
3692746368_ab7d97ab31.jpg,? .
2870426310_4d59795032.jpg,? .
229951087_4c20600c32.jpg,? .
3098824948_23c31df031.jpg,? .
639120223_7db6bdb61f.jpg,? .
3345025842_bc2082a509.jpg,? .
2618866067_07cbc83dc5.jpg,? .
3526018344_450c517a72.jpg,? .
3470951932_27ed74eb0b.jpg,? .
2844963839_ff09cdb81f.jpg,? .
3427852996_d383abd819.jpg,? .
3741462565_cc35966b7a.jpg,? .
1355450069_c0675b0706.jpg,? .
2206600240_f65df56a09.jpg,? .
2395967330_7e6ea404f6.jpg,? .
344078103_4b23931ce5.jpg,? .
2753506871_dc38e7d153.jpg,? .
3714551959_66ece78f27.jpg,? .
495033548_bd320405d8.jpg,? .
2917843040_7c9caaaa8a.jpg,? .
3472485022_5d03e9852d.jpg,? .
2452334314_a7c443a787.jpg,? .
399246804_b4b5dc70e1.jpg,? .
444845904_a4531c811a.jpg,? .
2121357310_f8235311da.jpg,? .
2670560883_7e7b563092.jpg,? .
3488837187_0c7264a16c.jpg,? .
1813266419_08bf66fe98.jpg,? .
2087317114_cf06df5aa5.jpg,? .
3229282764_a4a515f4e2.jpg,? .
2066048248_f53f5ef5e2.jpg,? .
2665461736_595c87f0a3.jpg,? .
143680966_0010ff8c60.jpg,? .
597543181_6a85ef4c17.jpg,? .
3423249426_02bedf9260.jpg,? .
405961988_fcfe97f31e.jpg,? .
2597737483_6518a230e4.jpg,? .
2853743795_e90ebc669d.jpg,? .
3354330935_de75be9d2f.jpg,? .
2744690159_fe2c89e55b.jpg,? .
3419634480_c390f62a6e.jpg,? .
3301935788_2bb7bbc515.jpg,? .
3533451027_b078e4631b.jpg,? .
2760716468_b541e9fd0f.jpg,? .
1775029934_e1e96038a8.jpg,? .
2283966256_70317e1759.jpg,? .
2149968397_a7411729d1.jpg,? .
2204695848_3d1b140212.jpg,? .
823675317_b5fbdb17b3.jpg,? .
3384314832_dffc944152.jpg,? .
3595992258_6f192e6ae7.jpg,? .
3474985382_26e1560338.jpg,? .
2218743570_9d6614c51c.jpg,? .
1643915227_9f48068772.jpg,? .
2595713720_30534e8de2.jpg,? .
3339751521_7a8768be27.jpg,? .
3323498985_fd9d2803fd.jpg,? .
3001612175_53567ffb58.jpg,? .
3537400880_8f410d747d.jpg,? .
2557972410_6925fe695c.jpg,? .
2701271123_6761bc5f26.jpg,? .
1433142189_cda8652603.jpg,? .
3457210101_3533edebc8.jpg,? .
3482237861_605b4f0fd9.jpg,? .
3102204862_f1d220230b.jpg,? .
2998277360_9b4c0192f1.jpg,? .
2860040276_eac0aca4fc.jpg,? .
3582048078_7bac2d8473.jpg,? .
2839807428_efe42423f2.jpg,? .
3229519418_040f05ced1.jpg,? .
3350671534_2a5d45a961.jpg,? .
1387443857_602ab6f9bf.jpg,? .
2319175397_3e586cfaf8.jpg,? .
2804374083_311f98f5f2.jpg,? .
1295671216_cde1b9c9d1.jpg,? .
3500505549_d848209837.jpg,? .
566446626_9793890f95.jpg,? .
3309578722_1765d7d1af.jpg,? .
1414820925_3504c394e1.jpg,? .
2312731013_1a3a8e25c6.jpg,? .
437054333_5c2761b8cd.jpg,? .
501520507_c86f805ab8.jpg,? .
2943023421_e297f05e11.jpg,? .
3136688093_568b053bdf.jpg,? .
482353373_03a9d5e8bc.jpg,? .
435054077_3506dbfcf4.jpg,? .
3135826945_f7c741e5b7.jpg,? .
1884065356_c6c34b4568.jpg,? .
3664928753_7b0437fedf.jpg,? .
2471493912_2d4746b834.jpg,? .
532914728_c5d8d56b0b.jpg,? .
2937497894_e3664a9513.jpg,? .
3330935489_9cb67ca36b.jpg,? .
524698457_77ba13840a.jpg,? .
2396100671_3a9d67f03d.jpg,? .
3315250232_83e24a2d51.jpg,? .
3517466790_17c7753a1a.jpg,? .
2613021139_4b0dc3d4c8.jpg,? .
3738685861_8dfff28760.jpg,? .
3671262694_29fbeb9d95.jpg,? .
3707077198_efd6aa808d.jpg,? .
2344412916_9a5a9b1c82.jpg,? .
300577375_26cc2773a1.jpg,? .
3153067758_53f003b1df.jpg,? .
3275711232_e261143664.jpg,? .
2789238858_14261dd25a.jpg,? .
2815745115_c8479d560c.jpg,? .
3112821789_1f7c3bbb99.jpg,? .
979383193_0a542a059d.jpg,? .
3195147187_a073d59fa8.jpg,? .
3072730593_b7322d2e05.jpg,? .
2602085456_d1beebcb29.jpg,? .
3365348059_9773165302.jpg,? .
2937942758_712be5c610.jpg,? .
470903027_489cc507de.jpg,? .
3290105461_7590f23371.jpg,? .
2038662925_f4fa8c2534.jpg,? .
2895403073_906768cafa.jpg,? .
293327462_20dee0de56.jpg,? .
3561130207_d1ed166daa.jpg,? .
2308271254_27fb466eb4.jpg,? .
3260214530_7179346407.jpg,? .
3089842255_359ccf5c40.jpg,? .
3301854980_233cc2f896.jpg,? .
3103340819_46de7954a9.jpg,? .
3014080715_f4f0dbb56e.jpg,? .
219843859_94b6d0a580.jpg,? .
2597873827_a5cb3e57ba.jpg,? .
541046380_513e295384.jpg,? .
3131632154_098f86f4cb.jpg,? .
3008370541_ce29ce49f0.jpg,? .
2540757246_5a849fbdcb.jpg,? .
2851304910_b5721199bc.jpg,? .
2512682478_b67cc525c7.jpg,? .
140526326_da07305c1c.jpg,? .
2084103826_ffd76b1e3e.jpg,? .
2816259113_461f8dedb0.jpg,? .
335588286_f67ed8c9f9.jpg,? .
3533775651_9d7e93dacf.jpg,? .
2672354635_3a03f76486.jpg,? .
3484365373_98d5304935.jpg,? .
3535084928_858544f49a.jpg,? .
2929006980_9f9f8f3d21.jpg,? .
2683963310_20dcd5e566.jpg,? .
242559369_9ae90ed0b4.jpg,? .
3174713468_e22fa7779e.jpg,? .
95734035_84732a92c1.jpg,? .
1801188148_a176954965.jpg,? .
3054989420_3e755ca352.jpg,? .
3259110412_9908c45144.jpg,? .
2136992638_098d62a3c5.jpg,? .
3191982761_88793192ed.jpg,? .
3070485870_eab1a75c6f.jpg,? .
3355756569_b430a29c2a.jpg,? .
3309082580_7228067ee0.jpg,? .
3671933270_d124e9a1a4.jpg,? .
3442242092_e579538d82.jpg,? .
3578477508_b7d839da16.jpg,? .
3708743823_3e3e0554d1.jpg,? .
1805990081_da9cefe3a5.jpg,? .
2780087302_6a77658cbf.jpg,? .
96978713_775d66a18d.jpg,? .
3385956569_a849218e34.jpg,? .
3012513414_86180c44cb.jpg,? .
241347271_a39a5a0070.jpg,? .
510510783_b2cf5d57bb.jpg,? .
3301021288_95935b7a74.jpg,? .
3286198467_8880be127e.jpg,? .
2057160636_6e9cf3b5f0.jpg,? .
3444982197_0ff15cc50b.jpg,? .
1419385780_1383ec7ba9.jpg,? .
3217893350_57be430d06.jpg,? .
732468337_a37075225e.jpg,? .
3497238310_2abde3965d.jpg,? .
3677514746_26f5588150.jpg,? .
1931690777_897a7d8ab6.jpg,? .
1446053356_a924b4893f.jpg,? .
278007543_99f5a91a3e.jpg,? .
2247138288_7355861203.jpg,? .
1478606153_a7163bf899.jpg,? .
282116218_7fd7583d6e.jpg,? .
3268908792_c24529fe88.jpg,? .
3056530884_27766059bc.jpg,? .
3107558821_f3b205d4ed.jpg,? .
3628043835_9d9bd595a7.jpg,? .
519061891_320061864e.jpg,? .
2515247156_c1b759fc33.jpg,? .
2751602672_ca5e1f6447.jpg,? .
3502563726_30d1ce29c8.jpg,? .
2684489465_32ba1d0344.jpg,? .
3477715432_79d82487bb.jpg,? .
3643684688_2f7157b23d.jpg,? .
940973925_a2e6d7951c.jpg,? .
2261550615_b6c25d987b.jpg,? .
2268596214_ca532f5c63.jpg,? .
3616846215_d61881b60f.jpg,? .
3305767464_d64a336f60.jpg,? .
2528552898_9e49a7033f.jpg,? .
2058124718_89822bc96e.jpg,? .
3334057289_68ece38a85.jpg,? .
2164363131_6930455d45.jpg,? .
1434607942_da5432c28c.jpg,? .
2934573544_7ffe92a2c9.jpg,? .
275401000_8829250eb3.jpg,? .
2552723989_7bc93e0f7b.jpg,? .
2476214153_99a3998509.jpg,? .
310213587_778fe8fb5b.jpg,? .
260850192_fd03ea26f1.jpg,? .
2511762757_bd0ab0a017.jpg,? .
261737543_b8fdc24671.jpg,? .
3014169370_fc4059352e.jpg,? .
3027850131_a7772e0ba0.jpg,? .
2558312618_13d362df66.jpg,? .
3711826708_bba64fb1e1.jpg,? .
3604384383_db6805d1b9.jpg,? .
2561341745_2d77d3ff7d.jpg,? .
3280173193_98c2d6a223.jpg,? .
375384566_254c2362d4.jpg,? .
305199420_89f6ddd778.jpg,? .
2355819665_39021ff642.jpg,? .
3243233886_235a80e8c7.jpg,? .
3424605029_53078d3505.jpg,? .
3516935867_78cf63c69c.jpg,? .
972381743_5677b420ab.jpg,? .
2355880294_8f78a6fea6.jpg,? .
1119463452_69d4eecd08.jpg,? .
2591486448_48d5438343.jpg,? .
2718049631_e7aa74cb9b.jpg,? .
3557324238_6ba58831d9.jpg,? .
374104006_7f32c8c5de.jpg,? .
3109780402_dbae082dc5.jpg,? .
2883950737_3b67d24af4.jpg,? .
95728664_06c43b90f1.jpg,? .
2662570182_350baa020f.jpg,? .
2261346505_302c67951d.jpg,? .
2553550034_5901aa9d6c.jpg,? .
3425061393_d093edb8da.jpg,? .
374567836_3ae12ecffb.jpg,? .
133905560_9d012b47f3.jpg,? .
2831723637_30d4456665.jpg,? .
2844846111_8c1cbfc75d.jpg,? .
3467282545_273a97b628.jpg,? .
3504940491_94c43792ed.jpg,? .
976392326_082dafc3c5.jpg,? .
2686432878_0697dbc048.jpg,? .
480607352_65614ab348.jpg,? .
3132619510_7dfc947d25.jpg,? .
3360730513_211e1a4db6.jpg,? .
3449114979_6cdc3e8da8.jpg,? .
1398613231_18de248606.jpg,? .
3317073508_7e13565c1b.jpg,? .
3587449716_3bf1552c36.jpg,? .
3199645963_a681fe04f8.jpg,? .
1362128028_8422d53dc4.jpg,? .
458183774_afe65abf67.jpg,? .
3422458549_f3f3878dbf.jpg,? .
2121140070_a09644550b.jpg,? .
391723162_3bdeb7ea33.jpg,? .
3717845800_ab45e255b8.jpg,? .
2079554580_f18d5c181b.jpg,? .
1348891916_ebd4413033.jpg,? .
3071676551_a65741e372.jpg,? .
2291511815_ac083fddbd.jpg,? .
2205336881_d9ee4179d3.jpg,? .
3216829599_366a43f05e.jpg,? .
1659396176_ced00a549f.jpg,? .
1771490732_0ab5f029ac.jpg,? .
2735979477_eef7c680f9.jpg,? .
3439128755_84409b8823.jpg,? .
3284460070_6805990149.jpg,? .
3150252702_828a570d46.jpg,? .
3208553539_2bf6c6d162.jpg,? .
2090723611_318031cfa5.jpg,? .
3319058642_885d756295.jpg,? .
2940594396_20c40947b0.jpg,? .
2719101587_4ba70dee14.jpg,? .
515335111_c4afd5b903.jpg,? .
3030223792_02b6f2be99.jpg,? .
2073756099_7e02c0110c.jpg,? .
1388373425_3c72b56639.jpg,? .
3172283002_3c0fc624de.jpg,? .
2445442929_8c81d42460.jpg,? .
2762702644_2aa3bf9680.jpg,? .
2883907436_82bf4a36b8.jpg,? .
3099504809_565e17e49d.jpg,? .
697778778_b52090709d.jpg,? .
2976155358_b4dd4407cf.jpg,? .
2636876892_9353521a1c.jpg,? .
262570082_6364f58f33.jpg,? .
109823395_6fb423a90f.jpg,? .
309771854_952aabe3cc.jpg,? .
2511019188_ca71775f2d.jpg,? .
3386893620_5f0bb4e794.jpg,? .
3638318149_b60450bfbe.jpg,? .
2067362863_59577f9d4d.jpg,? .
3640870001_acbd1d5ceb.jpg,? .
2308978137_bfe776d541.jpg,? .
3684680947_f1c460242f.jpg,? .
2060031241_a3ae7a06bb.jpg,? .
3277824093_299cbb3138.jpg,? .
269650644_059a84ece5.jpg,? .
883040210_3c4a10f030.jpg,? .
950273886_88c324e663.jpg,? .
2611651553_61f859837e.jpg,? .
1466307489_cb8a74de09.jpg,? .
321229104_3cbaf0f51c.jpg,? .
512163695_51a108761d.jpg,? .
2137071442_1c9658c81a.jpg,? .
2045023435_181854c013.jpg,? .
2374570771_c395fc224a.jpg,? .
1529044279_4922ead27c.jpg,? .
206087108_d4557d38ee.jpg,? .
2289096282_4ef120f189.jpg,? .
3335501468_628655d608.jpg,? .
2698197294_ccd9327ef6.jpg,? .
3545793128_af3af544dc.jpg,? .
3425069551_aba046a1b6.jpg,? .
3451344589_6787bd06ef.jpg,? .
3126681108_f88128699c.jpg,? .
2856923934_6eb8832c9a.jpg,? .
219070971_ae43410b9e.jpg,? .
1115565519_d976d4b1f1.jpg,? .
241345533_99c731403a.jpg,? .
2309327462_82a24538d4.jpg,? .
3375534917_62350bd06b.jpg,? .
3155400369_69e3d6d70f.jpg,? .
3206058778_7053ee6b52.jpg,? .
1947351225_288d788983.jpg,? .
1463732130_a754441289.jpg,? .
2273038287_3004a72a34.jpg,? .
1800601130_1c0f248d12.jpg,? .
3551170666_01df31412d.jpg,? .
2632111399_b3c1630f8e.jpg,? .
2192131110_8a40e7c028.jpg,? .
3148286846_40ae914172.jpg,? .
2096771662_984441d20d.jpg,? .
733752482_ee01a419e5.jpg,? .
3564148252_aa4cb36a32.jpg,? .
2616284322_b13e7c344e.jpg,? .
3601978895_9fec23ce0c.jpg,? .
2561319255_ce5ede291e.jpg,? .
1245022983_fb329886dd.jpg,? .
1461667284_041c8a2475.jpg,? .
341665272_80d4d61376.jpg,? .
3159569570_dff24e7be9.jpg,? .
3280644151_3d89cb1e0e.jpg,? .
2824004868_1fc0a81173.jpg,? .
2281006675_fde04e93dd.jpg,? .
3689727848_b53f931130.jpg,? .
307321761_606fc91673.jpg,? .
1803631090_05e07cc159.jpg,? .
3487820317_3728e7569e.jpg,? .
3404408360_430f73b034.jpg,? .
350176185_b8c5591e36.jpg,? .
1764955991_5e53a28c87.jpg,? .
2922222717_12195af92d.jpg,? .
3401437960_7da856e004.jpg,? .
2921430836_3b4d062238.jpg,? .
3405113041_4b72c24801.jpg,? .
3157847991_463e006a28.jpg,? .
3494345896_dd6b32cfa3.jpg,? .
411863595_d77156687e.jpg,? .
1550772959_9ca9fa625f.jpg,? .
1204996216_71d7519d9a.jpg,? .
3259231890_16fe167b31.jpg,? .
2458862292_466a920ee2.jpg,? .
3164328039_2c56acf594.jpg,? .
2629295654_59ea1472a1.jpg,? .
2680619645_ab6645218d.jpg,? .
3276448136_0d9f5069c5.jpg,? .
3569667295_6e51db08ef.jpg,? .
2272967004_1531726d71.jpg,? .
887108308_2da97f15ef.jpg,? .
501699433_f8df386cf9.jpg,? .
2661294969_1388b4738c.jpg,? .
2363419943_717e6b119d.jpg,? .
2420546021_4a59790da6.jpg,? .
3497106366_d1a256e723.jpg,? .
3412036192_d8cd12ed3f.jpg,? .
2813588204_69fe7deb14.jpg,? .
1189977786_4f5aaed773.jpg,? .
3259992638_0612a40288.jpg,? .
1523984678_edd68464da.jpg,? .
2873445888_8764699246.jpg,? .
2021671653_567395c7cf.jpg,? .
263850317_5bb3a18a08.jpg,? .
3477683327_d9e6a2a64f.jpg,? .
2987121689_f9de6c479b.jpg,? .
2998024845_1529c11694.jpg,? .
3404012438_9baf8dcbaf.jpg,? .
3681172959_6674c118d2.jpg,? .
3351418768_596ef7fd6f.jpg,? .
2480668859_6f9b46be6a.jpg,? .
2585141045_b496a7b7c4.jpg,? .
3343900764_2a4c0405f9.jpg,? .
2963672852_c28043bb2c.jpg,? .
2281054343_95d6d3b882.jpg,? .
2731171552_4a808c7d5a.jpg,? .
244760289_f4467b2b67.jpg,? .
2272491304_cb7c7ed16f.jpg,? .
3613030730_0b28b079ba.jpg,? .
3453259666_9ecaa8bb4b.jpg,? .
2602306033_2b3100d36b.jpg,? .
278559394_b23af734b9.jpg,? .
3401333624_4b6af8c1d7.jpg,? .
1679617928_a73c1769be.jpg,? .
3553476195_fb3747d7c1.jpg,? .
2109479807_eec8d72ca7.jpg,? .
2203449950_e51d0f9065.jpg,? .
2883099128_0b056eed9e.jpg,? .
2798651021_2566f2a47e.jpg,? .
3049649128_d83d847168.jpg,? .
771366843_a66304161b.jpg,? .
3007214949_a4b027f8a3.jpg,? .
2415803492_56a673dc25.jpg,? .
2851198725_37b6027625.jpg,? .
3326376344_3306bf439e.jpg,? .
3138504165_c7ae396294.jpg,? .
2246717855_c0c08fe5d2.jpg,? .
2789688929_9424fceed1.jpg,? .
3259222980_04fb62df97.jpg,? .
3396251819_1efa69310f.jpg,? .
897621891_efb1e00d1d.jpg,? .
2081446176_f97dc76951.jpg,? .
2759211664_d21393b668.jpg,? .
1819261140_6c022f4b1d.jpg,? .
3177298173_78cea31d64.jpg,? .
3058439373_9276a4702a.jpg,? .
1056359656_662cee0814.jpg,? .
3293751136_b0ce285dc3.jpg,? .
3264464625_c711cc40c6.jpg,? .
2854959952_3991a385ab.jpg,? .
765929807_de381cc764.jpg,? .
2764178773_d63b502812.jpg,? .
2869253972_aa72df6bf3.jpg,? .
709373049_15b8b6457a.jpg,? .
3000722396_1ae2e976c2.jpg,? .
2701487024_e866eb4550.jpg,? .
309430053_cc58bcc36a.jpg,? .
3724738804_f00748a137.jpg,? .
3500399969_f54ce5848f.jpg,? .
359082432_c1fd5aa2d6.jpg,? .
469029994_349e138606.jpg,? .
1240297429_c36ae0c58f.jpg,? .
2684322797_85406f571d.jpg,? .
3681324243_b69fa90842.jpg,? .
2100046085_69b59b6645.jpg,? .
3360876049_9047edeab9.jpg,? .
1056338697_4f7d7ce270.jpg,? .
3217910740_d1d61c08ab.jpg,? .
2101808682_0d66ef4a08.jpg,? .
2358898017_24496b80e8.jpg,? .
3636418958_f038130bb2.jpg,? .
2967549094_d32422eb01.jpg,? .
3029472296_d429b1586c.jpg,? .
2760371526_63f3d01760.jpg,? .
3139895886_5a6d495b13.jpg,? .
3676561090_9828a9f6d0.jpg,? .
3003612178_8230d65833.jpg,? .
557601144_50b8c40393.jpg,? .
861608773_bdafd5c996.jpg,? .
381239475_044cbffa2b.jpg,? .
3517362674_0f5296de19.jpg,? .
307327914_f98f576adb.jpg,? .
2884651479_12e400ee58.jpg,? .
1499554025_a8ffe0e479.jpg,? .
3638908276_b1751d30ff.jpg,? .
3240094420_a9eea11d39.jpg,? .
3322443827_a04a94bb91.jpg,? .
285306009_f6ddabe687.jpg,? .
302241178_a582c1b953.jpg,? .
241345522_c3c266a02a.jpg,? .
2125454445_5c5c4bf906.jpg,? .
3493000349_81c540e828.jpg,? .
3685372942_6ae935b34e.jpg,? .
3487261028_30791528ec.jpg,? .
278105206_df987b0ca0.jpg,? .
3473264983_67917a931f.jpg,? .
3085357792_efcf297c71.jpg,? .
989754491_7e53fb4586.jpg,? .
3204525212_d548c7fca7.jpg,? .
429174232_ddd4ff5e0b.jpg,? .
390987167_2d5905b459.jpg,? .
3148193539_de9dd48fc8.jpg,? .
2431120202_b24fe2333a.jpg,? .
1324816249_86600a6759.jpg,? .
3501936223_6122a13d27.jpg,? .
526661994_21838fc72c.jpg,? .
3751594676_edfbfa0688.jpg,? .
2637959357_dd64a03efa.jpg,? .
2968216482_ede65b20a8.jpg,? .
3159641529_c2c74f3eaf.jpg,? .
3459858555_c3f0087a72.jpg,? .
3293945284_6a04e477a9.jpg,? .
2953861572_d654d9b6f2.jpg,? .
3247052319_da8aba1983.jpg,? .
2531531628_b4a5041680.jpg,? .
3725177385_62d5e13634.jpg,? .
3430607596_7e4f74e3ff.jpg,? .
478592803_f57cc9c461.jpg,? .
2567035103_3511020c8f.jpg,? .
2417341107_97dbab9c5e.jpg,? .
2419797375_553f867472.jpg,? .
3208032657_27b9d6c4f3.jpg,? .
3216901052_269ace7b3c.jpg,? .
3614595423_f9e0ab4fb0.jpg,? .
1449625950_fc9a8d02d9.jpg,? .
2074764331_90a9962b52.jpg,? .
3287963317_186491ee78.jpg,? .
3251906388_c09d44340e.jpg,? .
2266061169_dfbf8f0595.jpg,? .
3399284917_721aefe2a7.jpg,? .
2851931813_eaf8ed7be3.jpg,? .
3468275336_61936db92d.jpg,? .
2817230861_d27341dec0.jpg,? .
3076052114_233f42ae5b.jpg,? .
2525455265_f84ba72bd7.jpg,? .
2003663004_5b70920a98.jpg,? .
241346580_b3c035d65c.jpg,? .
482047956_9a29e9cee6.jpg,? .
3269661567_faf190885a.jpg,? .
260392825_ea61660633.jpg,? .
3726130458_07df79e969.jpg,? .
3407584080_c6abf71ae3.jpg,? .
1082379191_ec1e53f996.jpg,? .
3202360797_2084743e90.jpg,? .
3286406057_a1668655af.jpg,? .
3245266444_2e798096e6.jpg,? .
964197865_0133acaeb4.jpg,? .
242064301_a9d12f1754.jpg,? .
3004290523_d1319dfdb4.jpg,? .
185057637_e8ada37343.jpg,? .
1231229740_8dcbf80bfb.jpg,? .
2924908529_0ecb3cdbaa.jpg,? .
3451523035_b61d79f6a8.jpg,? .
3462165890_c13ce13eff.jpg,? .
3139393607_f0a54ca46d.jpg,? .
3718892835_a3e74a3417.jpg,? .
2423292784_166ee54e0b.jpg,? .
475317104_1cdc1653b4.jpg,? .
2407470303_6fd5e3600d.jpg,? .
3673970325_4e025069e9.jpg,? .
362316425_bda238b4de.jpg,? .
3537806062_c50d814aba.jpg,? .
534200447_b0f3ff02be.jpg,? .
3672109677_8caa992671.jpg,? .
134894450_dadea45d65.jpg,? .
1089755335_0bfbfd30e6.jpg,? .
2866093652_aa717eb9ce.jpg,? .
2970461648_fe14ba0359.jpg,? .
416106657_cab2a107a5.jpg,? .
3484070900_3e76d7fd30.jpg,? .
1526325728_74eb4153d8.jpg,? .
455611732_d65bf3e976.jpg,? .
324208502_674488bcea.jpg,? .
3182996527_70d9c323d5.jpg,? .
3030962048_f71948226c.jpg,? .
2169951750_495820a215.jpg,? .
2182050469_1edac0bc60.jpg,? .
2929405404_1dff5ab847.jpg,? .
2114126343_a0f74ff63b.jpg,? .
3653837067_94050699ec.jpg,? .
3410902181_b2a3c6eec9.jpg,? .
3309042087_ee96d94b8a.jpg,? .
2837799692_2f1c50722a.jpg,? .
2294688426_96c8614f1d.jpg,? .
1424237335_b3be9920ba.jpg,? .
3620343911_64a862904e.jpg,? .
3114944484_28b5bb9842.jpg,? .
2543589122_ec3e55f434.jpg,? .
124881487_36e668145d.jpg,? .
3249014584_21dd9ddd9d.jpg,? .
1473618073_7db56a5237.jpg,? .
3216762979_813c45a8ec.jpg,? .
2332540384_4cf26406a9.jpg,? .
3184112120_6ddcd98016.jpg,? .
2914331767_8574e7703d.jpg,? .
3402638444_dab914a3de.jpg,? .
3680218298_582e6a2289.jpg,? .
2378356400_f6bde5d9b3.jpg,? .
